{
    "parameterSets": {
        "Spur_M05_16T_5W_1B9": {
            "Gear_type": "spur_gear",
            "Module": "0.5",
            "assembled": "true",
            "bevel_angle": "45",
            "bevel_width": "5",
            "bore": "1.9",
            "height": "5",
            "helix_angle": "20",
            "hub_diameter": "0",
            "hub_thickness": "0",
            "idler_bore": "3",
            "idler_teeth": "36",
            "lead_angle": "4",
            "length": "30",
            "optimized": "false",
            "pinion_bore": "3",
            "pinion_teeth": "16",
            "pressure_angle": "20",
            "rack_height": "4",
            "rack_length": "50",
            "rim_width": "3",
            "shaft_angle": "90",
            "straight": "true",
            "teeth": "16",
            "width": "5",
            "worm_bore": "3",
            "worm_starts": "1"
        },
        "Spur_M05_30T_1W5_1B9": {
            "Gear_type": "spur_gear",
            "Module": "0.5",
            "assembled": "true",
            "bevel_angle": "45",
            "bevel_width": "5",
            "bore": "1.9",
            "height": "5",
            "helix_angle": "20",
            "hub_diameter": "5.85",
            "hub_thickness": "3.12",
            "idler_bore": "3",
            "idler_teeth": "36",
            "lead_angle": "4",
            "length": "30",
            "optimized": "false",
            "pinion_bore": "3",
            "pinion_teeth": "16",
            "pressure_angle": "20",
            "rack_height": "4",
            "rack_length": "50",
            "rim_width": "3",
            "shaft_angle": "90",
            "straight": "true",
            "teeth": "30",
            "width": "1.5",
            "worm_bore": "3",
            "worm_starts": "1"
        },
        "Spur_M05_42T_1W5_1B9": {
            "Gear_type": "spur_gear",
            "Module": "0.5",
            "assembled": "true",
            "bevel_angle": "45",
            "bevel_width": "5",
            "bore": "1.9",
            "height": "5",
            "helix_angle": "20",
            "hub_diameter": "5.85",
            "hub_thickness": "4.08",
            "idler_bore": "3",
            "idler_teeth": "36",
            "lead_angle": "4",
            "length": "30",
            "optimized": "false",
            "pinion_bore": "3",
            "pinion_teeth": "16",
            "pressure_angle": "20",
            "rack_height": "4",
            "rack_length": "50",
            "rim_width": "3",
            "shaft_angle": "90",
            "straight": "true",
            "teeth": "42",
            "width": "1.45",
            "worm_bore": "3",
            "worm_starts": "1"
        },
        "Spur_M05_60T_1W5_1B9": {
            "Gear_type": "spur_gear",
            "Module": "0.5",
            "assembled": "true",
            "bevel_angle": "45",
            "bevel_width": "5",
            "bore": "1.9",
            "height": "5",
            "helix_angle": "20",
            "hub_diameter": "5.9",
            "hub_thickness": "3.1",
            "idler_bore": "3",
            "idler_teeth": "36",
            "lead_angle": "4",
            "length": "30",
            "optimized": "false",
            "pinion_bore": "3",
            "pinion_teeth": "16",
            "pressure_angle": "20",
            "rack_height": "4",
            "rack_length": "50",
            "rim_width": "3",
            "shaft_angle": "90",
            "straight": "true",
            "teeth": "60",
            "width": "1.5",
            "worm_bore": "3",
            "worm_starts": "1"
        },
        "Spur_M05_10T_6W_1B9": {
            "Gear_type": "spur_gear",
            "Module": "0.5",
            "assembled": "true",
            "bevel_angle": "45",
            "bevel_width": "5",
            "bore": "1.9",
            "height": "5",
            "helix_angle": "20",
            "hub": "false",
            "hub_diameter": "6",
            "hub_thickness": "5",
            "idler_bore": "3",
            "idler_teeth": "36",
            "lead_angle": "4",
            "length": "30",
            "optimized": "false",
            "pinion_bore": "3",
            "pinion_teeth": "16",
            "pressure_angle": "20",
            "rack_height": "4",
            "rack_length": "50",
            "rim_width": "3",
            "shaft_angle": "90",
            "straight": "true",
            "teeth": "10",
            "width": "6",
            "worm_bore": "3",
            "worm_starts": "1"
        },
        "Spur_M05_12T_5W5_2B9": {
            "Gear_type": "spur_gear",
            "Module": "0.5",
            "assembled": "true",
            "bevel_angle": "45",
            "bevel_width": "5",
            "bore": "2.9",
            "height": "5",
            "helix_angle": "20",
            "hub": "false",
            "hub_diameter": "6",
            "hub_thickness": "5",
            "idler_bore": "3",
            "idler_teeth": "36",
            "lead_angle": "4",
            "length": "30",
            "optimized": "false",
            "pinion_bore": "3",
            "pinion_teeth": "16",
            "pressure_angle": "20",
            "rack_height": "4",
            "rack_length": "50",
            "rim_width": "3",
            "shaft_angle": "90",
            "straight": "true",
            "teeth": "12",
            "width": "5.34",
            "worm_bore": "3",
            "worm_starts": "1"
        },
        "Worm_M05_1S_5LA_L6_1B9": {
            "Gear_type": "worm",
            "Module": "0.5",
            "assembled": "true",
            "bevel_angle": "45",
            "bevel_width": "5",
            "bore": "1.9",
            "height": "5",
            "helix_angle": "20",
            "hub": "false",
            "hub_diameter": "6",
            "hub_thickness": "5",
            "idler_bore": "3",
            "idler_teeth": "36",
            "lead_angle": "5",
            "length": "5.85",
            "optimized": "false",
            "pinion_bore": "3",
            "pinion_teeth": "16",
            "pressure_angle": "20",
            "rack_height": "4",
            "rack_length": "50",
            "rim_width": "3",
            "shaft_angle": "90",
            "straight": "true",
            "teeth": "12",
            "width": "5.34",
            "worm_bore": "1.9",
            "worm_length": "6",
            "worm_starts": "1"
        },
        "Worm_Drive_M05_Example": {
            "Gear_type": "worm_drive",
            "Module": "0.5",
            "assembled": "true",
            "bevel_angle": "45",
            "bevel_width": "5",
            "bore": "1.9",
            "height": "5",
            "helix_angle": "20",
            "hub": "true",
            "hub_diameter": "6",
            "hub_thickness": "3",
            "idler_bore": "3",
            "idler_teeth": "36",
            "lead_angle": "5",
            "length": "5.85",
            "optimized": "false",
            "pinion_bore": "3",
            "pinion_teeth": "16",
            "pressure_angle": "20",
            "rack_height": "4",
            "rack_length": "50",
            "rim_width": "3",
            "shaft_angle": "90",
            "straight": "true",
            "teeth": "20",
            "width": "5.34",
            "worm_bore": "1.9",
            "worm_length": "6",
            "worm_starts": "1"
        },
        "Worm_Drive_M05_Example_2": {
            "Gear_type": "worm_drive",
            "Module": "0.5",
            "assembled": "true",
            "bevel_angle": "45",
            "bevel_width": "5",
            "bore": "1.9",
            "height": "5",
            "helix_angle": "20",
            "hub": "true",
            "hub_diameter": "6",
            "hub_thickness": "3",
            "idler_bore": "3",
            "idler_teeth": "36",
            "lead_angle": "20",
            "length": "5.85",
            "optimized": "false",
            "pinion_bore": "3",
            "pinion_teeth": "16",
            "pressure_angle": "20",
            "rack_height": "4",
            "rack_length": "50",
            "rim_width": "3",
            "shaft_angle": "90",
            "straight": "true",
            "teeth": "20",
            "width": "5.34",
            "worm_bore": "1.9",
            "worm_length": "6",
            "worm_starts": "4"
        },
        "Rack_and_Pinion_M05_Example": {
            "Gear_type": "rack_and_pinion",
            "Module": "0.5",
            "assembled": "true",
            "bevel_angle": "45",
            "bevel_width": "5",
            "bore": "1.9",
            "height": "5",
            "helix_angle": "20",
            "hub": "true",
            "hub_diameter": "6",
            "hub_thickness": "3",
            "idler_bore": "3",
            "idler_teeth": "36",
            "lead_angle": "20",
            "length": "5.85",
            "optimized": "false",
            "pinion_bore": "3",
            "pinion_teeth": "16",
            "pressure_angle": "20",
            "rack_height": "4",
            "rack_length": "25",
            "rim_width": "3",
            "shaft_angle": "90",
            "straight": "false",
            "teeth": "20",
            "width": "5.34",
            "worm_bore": "1.9",
            "worm_length": "6",
            "worm_starts": "4"
        },
        "Planetary_Gear_M05_Example": {
            "Gear_type": "planetary_gear",
            "Module": "0.5",
            "assembled": "true",
            "bevel_angle": "45",
            "bevel_width": "5",
            "bore": "1.9",
            "height": "5",
            "helix_angle": "20",
            "hub": "true",
            "hub_diameter": "6",
            "hub_thickness": "5",
            "idler_bore": "3",
            "idler_teeth": "36",
            "lead_angle": "4",
            "length": "30",
            "number_of_planets": "3",
            "optimized": "false",
            "pinion_bore": "3",
            "pinion_teeth": "16",
            "planet_teeth": "10",
            "pressure_angle": "20",
            "rack_height": "4",
            "rack_length": "50",
            "rim_width": "3",
            "shaft_angle": "90",
            "solar_teeth": "20",
            "straight": "false",
            "teeth": "30",
            "width": "5",
            "worm_bore": "3",
            "worm_length": "6",
            "worm_starts": "1"
        }
    },
    "parameterSets": "",
    "parameterSets": "",
    "fileFormatVersion": "1",
    "parameterSets": "",
    "parameterSets": ""
}
